Employee_ID,Employee_Name,Email,Joining_Date,Department,Salary,Position,Comments,Phone_Number,Last_Updated
1,Employee 1,employee1@company.com,07/03/2024,IT,4228,Marketing Manager,Random comment,806-803-4195,14/10/2024 21:37
2,Employee 2,employee2@company.com,06/02/2023,HR,5404,HR Specialist,Random comment,459-810-9494,30/09/2024 21:37
3,Employee 3,employee3@company.com,06/02/2021,Sales,4897,Financial Analyst,Random comment,352-699-7362,06/10/2024 21:37
4,Employee 4,employee4@company.com,02/05/2020,Sales,7779,HR Specialist,Random comment,144-424-6627,20/10/2024 21:37
5,Employee 5,employee5@company.com,15/05/2022,IT,4546,Software Engineer,Random comment,906-602-1876,23/10/2024 21:37
6,Employee 6,employee6@company.com,29/10/2022,IT,6356,Financial Analyst,Random comment,277-744-6858,06/10/2024 21:37
7,Employee 7,employee7@company.com,23/05/2022,HR,6077,Financial Analyst,Random comment,799-700-9737,29/09/2024 21:37
8,Employee 8,employee8@company.com,18/12/2021,Marketing,6246,HR Specialist,Random comment,366-823-6792,07/10/2024 21:37
9,Employee 9,employee9@company.com,13/10/2024,IT,4478,Sales Executive,Random comment,122-232-3240,28/09/2024 21:37
10,Employee 10,employee10@company.com,12/08/2024,Marketing,5980,Marketing Manager,Random comment,932-202-1816,04/10/2024 21:37
11,Employee 11,employee11@company.com,30/01/2020,Finance,6494,Marketing Manager,Random comment,152-777-6260,07/10/2024 21:37
12,Employee 12,employee12@company.com,21/03/2024,Marketing,7400,Software Engineer,Random comment,845-460-3224,14/10/2024 21:37
13,Employee 13,employee13@company.com,22/03/2021,Finance,7795,Sales Executive,Random comment,159-672-4553,26/09/2024 21:37
14,Employee 14,employee14@company.com,24/11/2022,Finance,6088,Financial Analyst,Random comment,218-930-5127,30/09/2024 21:37
15,Employee 15,employee15@company.com,14/03/2021,IT,4237,Software Engineer,Random comment,181-973-7313,26/10/2024 21:37
16,Employee 16,employee16@company.com,16/07/2022,Finance,7256,Marketing Manager,Random comment,317-958-7036,05/10/2024 21:37
17,Employee 17,employee17@company.com,17/12/2023,HR,7247,Marketing Manager,Random comment,423-546-6632,07/10/2024 21:37
18,Employee 18,employee18@company.com,04/03/2023,Marketing,4196,Financial Analyst,Random comment,239-835-2707,19/10/2024 21:37
19,Employee 19,employee19@company.com,13/09/2023,HR,4546,Sales Executive,Random comment,820-843-3422,26/09/2024 21:37
20,Employee 20,employee20@company.com,12/11/2020,Marketing,7057,Financial Analyst,Random comment,674-892-7838,19/10/2024 21:37
21,Employee 21,employee21@company.com,28/08/2020,IT,5295,Software Engineer,Random comment,271-875-8815,08/10/2024 21:37
22,Employee 22,employee22@company.com,07/04/2020,Finance,5730,HR Specialist,Random comment,925-693-4269,27/09/2024 21:37
23,Employee 23,employee23@company.com,13/04/2020,HR,5108,Financial Analyst,Random comment,826-177-7587,09/10/2024 21:37
24,Employee 24,employee24@company.com,14/01/2022,Sales,5716,Software Engineer,Random comment,667-266-6236,02/10/2024 21:37
25,Employee 25,employee25@company.com,02/02/2023,IT,6341,HR Specialist,Random comment,333-929-6468,18/10/2024 21:37
26,Employee 26,employee26@company.com,27/05/2021,Finance,6559,Marketing Manager,Random comment,842-725-5656,19/10/2024 21:37
27,Employee 27,employee27@company.com,18/02/2023,IT,6360,Sales Executive,Random comment,112-804-2845,26/10/2024 21:37
28,Employee 28,employee28@company.com,06/08/2024,Sales,5400,Software Engineer,Random comment,466-935-9214,02/10/2024 21:37
29,Employee 29,employee29@company.com,11/08/2024,HR,6319,Financial Analyst,Random comment,388-911-6383,08/10/2024 21:37
30,Employee 30,employee30@company.com,04/02/2020,HR,5352,Software Engineer,Random comment,210-719-2641,22/10/2024 21:37
31,Employee 31,employee31@company.com,18/01/2022,Finance,6160,Software Engineer,Random comment,298-327-1572,29/09/2024 21:37
32,Employee 32,employee32@company.com,13/06/2024,HR,4193,HR Specialist,Random comment,366-164-1987,15/10/2024 21:37
33,Employee 33,employee33@company.com,25/03/2020,Finance,4626,HR Specialist,Random comment,213-324-1167,09/10/2024 21:37
34,Employee 34,employee34@company.com,03/09/2021,Finance,7371,Sales Executive,Random comment,665-957-8783,22/10/2024 21:37
35,Employee 35,employee35@company.com,22/03/2021,HR,4514,Marketing Manager,Random comment,757-861-6962,21/10/2024 21:37
36,Employee 36,employee36@company.com,03/09/2023,HR,4775,Financial Analyst,Random comment,931-858-7838,17/10/2024 21:37
37,Employee 37,employee37@company.com,23/06/2021,HR,5570,Software Engineer,Random comment,999-934-6755,17/10/2024 21:37
38,Employee 38,employee38@company.com,16/12/2021,Finance,7232,Software Engineer,Random comment,944-982-5056,16/10/2024 21:37
39,Employee 39,employee39@company.com,23/06/2022,Finance,5665,Sales Executive,Random comment,590-413-8069,02/10/2024 21:37
40,Employee 40,employee40@company.com,12/09/2022,Sales,7832,Financial Analyst,Random comment,727-208-8880,25/10/2024 21:37
41,Employee 41,employee41@company.com,20/10/2023,IT,5913,Marketing Manager,Random comment,873-860-3457,29/09/2024 21:37
42,Employee 42,employee42@company.com,09/12/2019,Sales,4351,HR Specialist,Random comment,354-402-1365,18/10/2024 21:37
43,Employee 43,employee43@company.com,22/06/2020,Finance,4122,Financial Analyst,Random comment,456-560-1832,17/10/2024 21:37
44,Employee 44,employee44@company.com,01/04/2024,Marketing,7280,Financial Analyst,Random comment,501-340-3047,15/10/2024 21:37
45,Employee 45,employee45@company.com,18/04/2021,IT,6756,Financial Analyst,Random comment,116-114-5256,05/10/2024 21:37
46,Employee 46,employee46@company.com,20/01/2023,Marketing,4009,Software Engineer,Random comment,248-542-2533,05/10/2024 21:37
47,Employee 47,employee47@company.com,07/03/2022,HR,6691,Financial Analyst,Random comment,369-116-5326,23/10/2024 21:37
48,Employee 48,employee48@company.com,18/03/2022,Marketing,4237,Marketing Manager,Random comment,401-942-3800,12/10/2024 21:37
49,Employee 49,employee49@company.com,27/06/2021,Marketing,4818,Sales Executive,Random comment,473-632-8172,14/10/2024 21:37
50,Employee 50,employee50@company.com,24/10/2024,HR,4776,Financial Analyst,Random comment,485-157-5887,15/10/2024 21:37
51,Employee 51,employee51@company.com,01/06/2021,Finance,4483,Marketing Manager,Random comment,556-660-4528,12/10/2024 21:37
52,Employee 52,employee52@company.com,26/06/2021,HR,7835,Software Engineer,Random comment,419-646-8174,27/09/2024 21:37
53,Employee 53,employee53@company.com,29/03/2020,IT,4089,Financial Analyst,Random comment,121-161-7829,30/09/2024 21:37
54,Employee 54,employee54@company.com,20/10/2021,Sales,4952,Financial Analyst,Random comment,234-866-5682,09/10/2024 21:37
55,Employee 55,employee55@company.com,10/09/2021,HR,7487,HR Specialist,Random comment,918-887-8270,13/10/2024 21:37
56,Employee 56,employee56@company.com,09/10/2022,Sales,7294,HR Specialist,Random comment,360-221-5016,11/10/2024 21:37
57,Employee 57,employee57@company.com,27/01/2023,Marketing,7875,HR Specialist,Random comment,762-549-8561,02/10/2024 21:37
58,Employee 58,employee58@company.com,22/10/2022,HR,4448,Marketing Manager,Random comment,322-888-3665,19/10/2024 21:37
59,Employee 59,employee59@company.com,02/03/2021,Finance,6419,Financial Analyst,Random comment,245-166-1897,18/10/2024 21:37
60,Employee 60,employee60@company.com,22/12/2023,Marketing,6327,Sales Executive,Random comment,489-341-9372,10/10/2024 21:37
61,Employee 61,employee61@company.com,19/09/2023,Marketing,5942,Sales Executive,Random comment,217-135-6149,03/10/2024 21:37
62,Employee 62,employee62@company.com,02/07/2022,IT,5438,HR Specialist,Random comment,977-997-6729,05/10/2024 21:37
63,Employee 63,employee63@company.com,18/11/2023,HR,5203,Software Engineer,Random comment,236-331-9253,12/10/2024 21:37
64,Employee 64,employee64@company.com,01/01/2023,Sales,6101,Financial Analyst,Random comment,998-952-9442,19/10/2024 21:37
65,Employee 65,employee65@company.com,01/09/2020,HR,7424,Software Engineer,Random comment,189-979-8868,17/10/2024 21:37
66,Employee 66,employee66@company.com,07/11/2023,IT,4636,Software Engineer,Random comment,232-939-3884,07/10/2024 21:37
67,Employee 67,employee67@company.com,04/04/2024,Marketing,6614,Sales Executive,Random comment,349-945-2315,08/10/2024 21:37
68,Employee 68,employee68@company.com,22/09/2022,Marketing,5145,Sales Executive,Random comment,243-824-9601,14/10/2024 21:37
69,Employee 69,employee69@company.com,06/11/2023,IT,7139,Marketing Manager,Random comment,317-524-3697,23/10/2024 21:37
70,Employee 70,employee70@company.com,30/09/2021,Finance,7671,Financial Analyst,Random comment,868-795-4702,12/10/2024 21:37
71,Employee 71,employee71@company.com,26/05/2023,Sales,7660,Sales Executive,Random comment,949-731-9543,23/10/2024 21:37
72,Employee 72,employee72@company.com,16/03/2023,IT,6762,Software Engineer,Random comment,545-119-1527,19/10/2024 21:37
73,Employee 73,employee73@company.com,28/10/2021,IT,4650,Sales Executive,Random comment,275-277-7757,09/10/2024 21:37
74,Employee 74,employee74@company.com,04/09/2024,IT,5346,Sales Executive,Random comment,556-245-3075,26/09/2024 21:37
75,Employee 75,employee75@company.com,09/04/2021,Finance,7251,HR Specialist,Random comment,627-887-9686,22/10/2024 21:37
76,Employee 76,employee76@company.com,04/01/2024,Sales,5478,Financial Analyst,Random comment,588-622-6302,25/10/2024 21:37
77,Employee 77,employee77@company.com,14/02/2023,Marketing,5089,Financial Analyst,Random comment,894-898-6089,21/10/2024 21:37
78,Employee 78,employee78@company.com,20/07/2022,HR,7381,Financial Analyst,Random comment,955-516-2054,12/10/2024 21:37
79,Employee 79,employee79@company.com,16/12/2022,IT,4318,Financial Analyst,Random comment,871-168-3488,10/10/2024 21:37
80,Employee 80,employee80@company.com,21/12/2020,Marketing,7249,HR Specialist,Random comment,416-457-4783,13/10/2024 21:37
81,Employee 81,employee81@company.com,02/09/2024,Marketing,7679,Marketing Manager,Random comment,277-703-6681,01/10/2024 21:37
82,Employee 82,employee82@company.com,19/06/2023,Finance,7600,Software Engineer,Random comment,411-719-1183,10/10/2024 21:37
83,Employee 83,employee83@company.com,21/04/2022,HR,5231,HR Specialist,Random comment,604-830-2178,04/10/2024 21:37
84,Employee 84,employee84@company.com,05/05/2020,HR,5286,HR Specialist,Random comment,795-873-9363,24/10/2024 21:37
85,Employee 85,employee85@company.com,11/10/2024,HR,6865,HR Specialist,Random comment,628-622-8262,25/10/2024 21:37
86,Employee 86,employee86@company.com,06/03/2020,IT,6170,Financial Analyst,Random comment,120-598-2048,23/10/2024 21:37
87,Employee 87,employee87@company.com,28/03/2022,Sales,6332,Marketing Manager,Random comment,522-518-7090,20/10/2024 21:37
88,Employee 88,employee88@company.com,11/05/2021,Marketing,5019,Financial Analyst,Random comment,190-512-2530,19/10/2024 21:37
89,Employee 89,employee89@company.com,01/04/2021,Marketing,5266,Financial Analyst,Random comment,519-254-7168,26/09/2024 21:37
90,Employee 90,employee90@company.com,14/05/2020,IT,4123,Sales Executive,Random comment,112-811-3695,29/09/2024 21:37
91,Employee 91,employee91@company.com,31/01/2023,IT,6380,HR Specialist,Random comment,627-884-4201,01/10/2024 21:37
92,Employee 92,employee92@company.com,23/03/2022,IT,7049,HR Specialist,Random comment,167-960-7564,06/10/2024 21:37
93,Employee 93,employee93@company.com,20/12/2020,HR,7720,Sales Executive,Random comment,436-116-6566,05/10/2024 21:37
94,Employee 94,employee94@company.com,04/06/2024,Marketing,7673,Marketing Manager,Random comment,801-168-2400,28/09/2024 21:37
95,Employee 95,employee95@company.com,18/04/2022,Sales,6838,Sales Executive,Random comment,825-792-8731,26/09/2024 21:37
96,Employee 96,employee96@company.com,22/05/2022,IT,5238,HR Specialist,Random comment,959-491-1956,29/09/2024 21:37
97,Employee 97,employee97@company.com,23/08/2020,HR,7436,Software Engineer,Random comment,341-383-9334,30/09/2024 21:37
98,Employee 98,employee98@company.com,19/07/2020,Sales,6794,Marketing Manager,Random comment,771-600-3063,13/10/2024 21:37
99,Employee 99,employee99@company.com,17/08/2022,Marketing,5202,Sales Executive,Random comment,117-838-1719,15/10/2024 21:37
100,Employee 100,employee100@company.com,02/07/2022,Sales,7735,Sales Executive,Random comment,595-610-4083,03/10/2024 21:37
101,Employee 101,employee101@company.com,03/09/2024,IT,7606,HR Specialist,Random comment,849-347-9475,16/10/2024 21:37
102,Employee 102,employee102@company.com,24/07/2021,Marketing,5451,Marketing Manager,Random comment,470-437-6127,12/10/2024 21:37
103,Employee 103,employee103@company.com,19/11/2022,Marketing,4985,HR Specialist,Random comment,107-556-2290,30/09/2024 21:37
104,Employee 104,employee104@company.com,12/04/2021,IT,6296,HR Specialist,Random comment,586-226-4828,30/09/2024 21:37
105,Employee 105,employee105@company.com,30/01/2022,Marketing,6821,Financial Analyst,Random comment,545-657-9330,26/09/2024 21:37
106,Employee 106,employee106@company.com,04/06/2023,Sales,7319,Financial Analyst,Random comment,741-268-5187,22/10/2024 21:37
107,Employee 107,employee107@company.com,17/10/2020,Finance,5164,Marketing Manager,Random comment,478-844-5557,10/10/2024 21:37
108,Employee 108,employee108@company.com,30/07/2020,HR,5664,Sales Executive,Random comment,351-824-4742,08/10/2024 21:37
109,Employee 109,employee109@company.com,21/07/2022,Sales,5892,Sales Executive,Random comment,507-934-8737,15/10/2024 21:37
110,Employee 110,employee110@company.com,24/10/2024,HR,5175,Software Engineer,Random comment,371-627-5135,20/10/2024 21:37
111,Employee 111,employee111@company.com,20/09/2020,HR,5279,Software Engineer,Random comment,948-313-4292,03/10/2024 21:37
112,Employee 112,employee112@company.com,27/06/2023,Finance,7575,Financial Analyst,Random comment,543-966-9990,27/09/2024 21:37
113,Employee 113,employee113@company.com,01/05/2022,Finance,6032,HR Specialist,Random comment,805-580-3970,26/10/2024 21:37
114,Employee 114,employee114@company.com,27/07/2023,Sales,5915,Software Engineer,Random comment,466-633-6388,22/10/2024 21:37
115,Employee 115,employee115@company.com,02/12/2022,Finance,5021,Sales Executive,Random comment,132-663-4993,01/10/2024 21:37
116,Employee 116,employee116@company.com,06/11/2023,IT,6037,Software Engineer,Random comment,470-929-6515,06/10/2024 21:37
117,Employee 117,employee117@company.com,15/11/2021,Marketing,7255,Financial Analyst,Random comment,492-220-6311,25/10/2024 21:37
118,Employee 118,employee118@company.com,29/12/2019,HR,4433,Financial Analyst,Random comment,490-475-7283,04/10/2024 21:37
119,Employee 119,employee119@company.com,03/05/2022,Finance,7489,Financial Analyst,Random comment,970-505-9743,01/10/2024 21:37
120,Employee 120,employee120@company.com,01/11/2021,Finance,5122,Marketing Manager,Random comment,671-950-8259,02/10/2024 21:37
121,Employee 121,employee121@company.com,14/07/2023,Sales,7703,HR Specialist,Random comment,812-121-6741,09/10/2024 21:37
122,Employee 122,employee122@company.com,20/11/2019,HR,6070,Marketing Manager,Random comment,442-228-2176,10/10/2024 21:37
123,Employee 123,employee123@company.com,26/03/2024,Marketing,5097,Sales Executive,Random comment,635-918-2518,02/10/2024 21:37
124,Employee 124,employee124@company.com,06/02/2024,IT,6322,Sales Executive,Random comment,238-741-5649,11/10/2024 21:37
125,Employee 125,employee125@company.com,02/08/2022,IT,4104,Software Engineer,Random comment,884-583-9916,08/10/2024 21:37
126,Employee 126,employee126@company.com,10/09/2021,Sales,5240,Sales Executive,Random comment,772-403-4184,23/10/2024 21:37
127,Employee 127,employee127@company.com,18/03/2022,Marketing,6359,Financial Analyst,Random comment,311-163-4971,17/10/2024 21:37
128,Employee 128,employee128@company.com,27/05/2021,Marketing,6420,HR Specialist,Random comment,888-258-7396,27/09/2024 21:37
129,Employee 129,employee129@company.com,22/05/2022,Marketing,6434,Marketing Manager,Random comment,184-281-5241,17/10/2024 21:37
130,Employee 130,employee130@company.com,23/11/2023,Marketing,5359,HR Specialist,Random comment,851-306-6275,11/10/2024 21:37
131,Employee 131,employee131@company.com,18/07/2020,Finance,5740,Sales Executive,Random comment,294-513-3338,10/10/2024 21:37
132,Employee 132,employee132@company.com,17/04/2020,Marketing,7924,Marketing Manager,Random comment,692-471-1003,11/10/2024 21:37
133,Employee 133,employee133@company.com,25/03/2023,Marketing,4086,Financial Analyst,Random comment,944-704-9673,19/10/2024 21:37
134,Employee 134,employee134@company.com,30/07/2021,Marketing,6437,Software Engineer,Random comment,114-810-3912,24/10/2024 21:37
135,Employee 135,employee135@company.com,14/12/2019,IT,4700,Software Engineer,Random comment,458-853-6290,20/10/2024 21:37
136,Employee 136,employee136@company.com,28/03/2020,Marketing,5926,Marketing Manager,Random comment,918-556-8738,26/09/2024 21:37
137,Employee 137,employee137@company.com,10/02/2024,IT,5838,Software Engineer,Random comment,843-328-4078,12/10/2024 21:37
138,Employee 138,employee138@company.com,05/07/2022,IT,4080,Sales Executive,Random comment,926-499-6158,13/10/2024 21:37
139,Employee 139,employee139@company.com,26/10/2022,Sales,7338,Marketing Manager,Random comment,498-922-9557,25/10/2024 21:37
140,Employee 140,employee140@company.com,13/07/2023,Sales,6646,Software Engineer,Random comment,437-881-4876,24/10/2024 21:37
141,Employee 141,employee141@company.com,17/07/2023,HR,7214,HR Specialist,Random comment,162-181-1711,09/10/2024 21:37
142,Employee 142,employee142@company.com,05/05/2023,IT,5181,Marketing Manager,Random comment,488-542-6436,07/10/2024 21:37
143,Employee 143,employee143@company.com,06/01/2021,HR,7048,Marketing Manager,Random comment,806-780-3722,05/10/2024 21:37
144,Employee 144,employee144@company.com,27/05/2020,Marketing,4776,Marketing Manager,Random comment,625-784-5509,30/09/2024 21:37
145,Employee 145,employee145@company.com,19/07/2021,Sales,6626,Sales Executive,Random comment,131-249-7730,11/10/2024 21:37
146,Employee 146,employee146@company.com,16/06/2021,Sales,5146,Software Engineer,Random comment,137-199-6765,03/10/2024 21:37
147,Employee 147,employee147@company.com,08/01/2024,Finance,5339,HR Specialist,Random comment,185-431-1496,14/10/2024 21:37
148,Employee 148,employee148@company.com,17/12/2021,Marketing,5534,HR Specialist,Random comment,200-352-1469,29/09/2024 21:37
149,Employee 149,employee149@company.com,01/09/2024,IT,5516,Software Engineer,Random comment,348-588-1757,26/09/2024 21:37
150,Employee 150,employee150@company.com,10/10/2022,HR,6325,Marketing Manager,Random comment,140-860-4095,22/10/2024 21:37
151,Employee 151,employee151@company.com,13/12/2019,HR,6677,Software Engineer,Random comment,815-563-8828,10/10/2024 21:37
152,Employee 152,employee152@company.com,22/02/2020,IT,6555,Financial Analyst,Random comment,757-571-6570,08/10/2024 21:37
153,Employee 153,employee153@company.com,17/11/2022,IT,6091,Software Engineer,Random comment,351-673-5492,01/10/2024 21:37
154,Employee 154,employee154@company.com,28/03/2023,Finance,6309,Software Engineer,Random comment,225-190-5953,20/10/2024 21:37
155,Employee 155,employee155@company.com,09/08/2022,Finance,6599,Software Engineer,Random comment,603-819-7069,13/10/2024 21:37
156,Employee 156,employee156@company.com,11/09/2021,Marketing,7890,HR Specialist,Random comment,903-257-2206,12/10/2024 21:37
157,Employee 157,employee157@company.com,19/09/2022,IT,7565,Marketing Manager,Random comment,622-381-3624,24/10/2024 21:37
158,Employee 158,employee158@company.com,27/03/2021,Marketing,5942,Software Engineer,Random comment,826-200-3395,18/10/2024 21:37
159,Employee 159,employee159@company.com,09/01/2022,Marketing,6128,Software Engineer,Random comment,173-915-9935,28/09/2024 21:37
160,Employee 160,employee160@company.com,22/11/2019,HR,6845,Software Engineer,Random comment,483-479-3552,10/10/2024 21:37
161,Employee 161,employee161@company.com,25/01/2021,IT,6311,HR Specialist,Random comment,463-151-8391,08/10/2024 21:37
162,Employee 162,employee162@company.com,02/11/2020,IT,6384,Financial Analyst,Random comment,794-291-8645,16/10/2024 21:37
163,Employee 163,employee163@company.com,18/05/2022,Finance,7935,Financial Analyst,Random comment,736-518-9394,17/10/2024 21:37
164,Employee 164,employee164@company.com,27/07/2020,IT,4521,Marketing Manager,Random comment,259-674-4295,15/10/2024 21:37
165,Employee 165,employee165@company.com,16/07/2021,Marketing,7331,Software Engineer,Random comment,691-618-2480,04/10/2024 21:37
166,Employee 166,employee166@company.com,21/10/2022,Sales,4898,Marketing Manager,Random comment,439-960-7356,22/10/2024 21:37
167,Employee 167,employee167@company.com,13/06/2020,Sales,6086,HR Specialist,Random comment,345-506-7915,24/10/2024 21:37
168,Employee 168,employee168@company.com,19/03/2023,Finance,4222,Financial Analyst,Random comment,290-475-6178,04/10/2024 21:37
169,Employee 169,employee169@company.com,16/05/2022,HR,7625,Marketing Manager,Random comment,964-483-2952,25/10/2024 21:37
170,Employee 170,employee170@company.com,06/01/2021,IT,7329,Marketing Manager,Random comment,846-210-1897,02/10/2024 21:37
171,Employee 171,employee171@company.com,25/01/2023,Sales,7246,Financial Analyst,Random comment,510-444-1095,22/10/2024 21:37
172,Employee 172,employee172@company.com,22/05/2023,IT,6985,Financial Analyst,Random comment,808-571-6615,22/10/2024 21:37
173,Employee 173,employee173@company.com,05/10/2020,Marketing,6633,Marketing Manager,Random comment,416-695-6518,07/10/2024 21:37
174,Employee 174,employee174@company.com,01/09/2023,Marketing,7920,Financial Analyst,Random comment,420-709-8977,06/10/2024 21:37
175,Employee 175,employee175@company.com,28/09/2021,HR,7193,Sales Executive,Random comment,587-438-5091,29/09/2024 21:37
176,Employee 176,employee176@company.com,22/01/2022,Finance,7158,Marketing Manager,Random comment,942-599-6955,18/10/2024 21:37
177,Employee 177,employee177@company.com,29/01/2023,HR,4454,Financial Analyst,Random comment,548-729-8803,06/10/2024 21:37
178,Employee 178,employee178@company.com,22/10/2020,Marketing,7582,Software Engineer,Random comment,580-484-9173,01/10/2024 21:37
179,Employee 179,employee179@company.com,08/02/2021,Finance,7628,Software Engineer,Random comment,582-660-3847,25/10/2024 21:37
180,Employee 180,employee180@company.com,30/11/2019,IT,4610,Software Engineer,Random comment,840-104-5841,24/10/2024 21:37
181,Employee 181,employee181@company.com,29/05/2020,Marketing,5553,Sales Executive,Random comment,354-315-7255,19/10/2024 21:37
182,Employee 182,employee182@company.com,24/08/2021,HR,5463,Sales Executive,Random comment,591-156-3126,09/10/2024 21:37
183,Employee 183,employee183@company.com,14/08/2023,Marketing,4557,Software Engineer,Random comment,216-987-6442,27/09/2024 21:37
184,Employee 184,employee184@company.com,11/12/2020,IT,6771,Marketing Manager,Random comment,965-923-4065,08/10/2024 21:37
185,Employee 185,employee185@company.com,09/02/2022,Sales,6397,Software Engineer,Random comment,492-507-1834,01/10/2024 21:37
186,Employee 186,employee186@company.com,08/08/2021,HR,7034,Marketing Manager,Random comment,736-564-5956,13/10/2024 21:37
187,Employee 187,employee187@company.com,24/10/2022,Finance,5980,HR Specialist,Random comment,951-116-9492,18/10/2024 21:37
188,Employee 188,employee188@company.com,24/02/2022,IT,4519,Marketing Manager,Random comment,643-599-1583,09/10/2024 21:37
189,Employee 189,employee189@company.com,21/10/2022,Marketing,6067,Software Engineer,Random comment,581-369-8919,10/10/2024 21:37
190,Employee 190,employee190@company.com,11/09/2023,IT,7755,Software Engineer,Random comment,844-948-1584,01/10/2024 21:37
191,Employee 191,employee191@company.com,25/05/2022,Finance,7047,Sales Executive,Random comment,130-821-3289,30/09/2024 21:37
192,Employee 192,employee192@company.com,30/05/2020,Finance,4583,Marketing Manager,Random comment,229-706-5468,15/10/2024 21:37
193,Employee 193,employee193@company.com,07/10/2021,HR,6809,Marketing Manager,Random comment,623-328-7695,10/10/2024 21:37
194,Employee 194,employee194@company.com,26/10/2024,Sales,4137,Sales Executive,Random comment,461-470-8393,19/10/2024 21:37
195,Employee 195,employee195@company.com,13/10/2022,Sales,7164,Financial Analyst,Random comment,397-812-1338,02/10/2024 21:37
196,Employee 196,employee196@company.com,18/11/2020,Marketing,4674,Sales Executive,Random comment,844-998-1724,26/10/2024 21:37
197,Employee 197,employee197@company.com,25/11/2020,Finance,4864,Software Engineer,Random comment,555-954-6529,28/09/2024 21:37
198,Employee 198,employee198@company.com,30/07/2022,Finance,6701,Financial Analyst,Random comment,686-184-1820,22/10/2024 21:37
199,Employee 199,employee199@company.com,20/04/2020,HR,5278,Software Engineer,Random comment,455-179-4179,18/10/2024 21:37
200,Employee 200,employee200@company.com,08/01/2021,HR,7165,Software Engineer,Random comment,576-307-1426,03/10/2024 21:37
201,Employee 201,employee201@company.com,25/07/2022,Finance,5876,Sales Executive,Random comment,904-652-5706,11/10/2024 21:37
202,Employee 202,employee202@company.com,10/10/2023,IT,5811,Sales Executive,Random comment,461-122-8961,24/10/2024 21:37
203,Employee 203,employee203@company.com,10/12/2023,Finance,5293,Software Engineer,Random comment,840-741-9836,05/10/2024 21:37
204,Employee 204,employee204@company.com,05/02/2020,Sales,4755,Financial Analyst,Random comment,582-726-9311,30/09/2024 21:37
205,Employee 205,employee205@company.com,24/11/2022,Sales,6738,Software Engineer,Random comment,993-647-3581,19/10/2024 21:37
206,Employee 206,employee206@company.com,27/01/2021,Marketing,7798,Sales Executive,Random comment,881-382-5983,09/10/2024 21:37
207,Employee 207,employee207@company.com,17/04/2023,Sales,7887,Sales Executive,Random comment,105-462-3110,01/10/2024 21:37
208,Employee 208,employee208@company.com,22/05/2023,IT,5997,Marketing Manager,Random comment,724-646-4837,16/10/2024 21:37
209,Employee 209,employee209@company.com,24/08/2021,IT,4508,Software Engineer,Random comment,996-217-9285,12/10/2024 21:37
210,Employee 210,employee210@company.com,14/03/2024,IT,5742,HR Specialist,Random comment,224-984-2238,04/10/2024 21:37
211,Employee 211,employee211@company.com,13/07/2024,Finance,6455,Software Engineer,Random comment,456-602-7463,13/10/2024 21:37
212,Employee 212,employee212@company.com,21/10/2023,IT,5419,Sales Executive,Random comment,360-739-5916,17/10/2024 21:37
213,Employee 213,employee213@company.com,27/10/2023,Sales,7489,Software Engineer,Random comment,321-434-2614,20/10/2024 21:37
214,Employee 214,employee214@company.com,29/10/2021,Finance,6313,Marketing Manager,Random comment,211-315-7499,05/10/2024 21:37
215,Employee 215,employee215@company.com,08/07/2022,Sales,7750,Financial Analyst,Random comment,328-108-2597,07/10/2024 21:37
216,Employee 216,employee216@company.com,21/07/2024,Finance,6799,HR Specialist,Random comment,676-118-1780,04/10/2024 21:37
217,Employee 217,employee217@company.com,10/03/2022,Finance,7993,Financial Analyst,Random comment,787-708-2572,14/10/2024 21:37
218,Employee 218,employee218@company.com,09/02/2021,HR,7353,HR Specialist,Random comment,343-440-3261,13/10/2024 21:37
219,Employee 219,employee219@company.com,13/07/2023,Sales,6316,Marketing Manager,Random comment,113-506-1433,29/09/2024 21:37
220,Employee 220,employee220@company.com,14/01/2020,HR,6645,Financial Analyst,Random comment,965-524-2247,09/10/2024 21:37
221,Employee 221,employee221@company.com,27/05/2021,Finance,5829,HR Specialist,Random comment,144-354-9658,01/10/2024 21:37
222,Employee 222,employee222@company.com,09/03/2024,Marketing,5492,Sales Executive,Random comment,527-636-9394,24/10/2024 21:37
223,Employee 223,employee223@company.com,27/12/2022,HR,4794,Marketing Manager,Random comment,868-540-7591,09/10/2024 21:37
224,Employee 224,employee224@company.com,30/01/2022,HR,6582,Marketing Manager,Random comment,290-410-4181,05/10/2024 21:37
225,Employee 225,employee225@company.com,09/06/2023,Sales,7483,HR Specialist,Random comment,538-532-9143,08/10/2024 21:37
226,Employee 226,employee226@company.com,08/06/2022,Marketing,6875,HR Specialist,Random comment,615-228-5118,02/10/2024 21:37
227,Employee 227,employee227@company.com,18/09/2023,Marketing,6068,Software Engineer,Random comment,472-101-9408,01/10/2024 21:37
228,Employee 228,employee228@company.com,08/12/2023,HR,7644,Financial Analyst,Random comment,162-437-9554,06/10/2024 21:37
229,Employee 229,employee229@company.com,15/08/2020,Marketing,6558,Sales Executive,Random comment,919-471-6263,19/10/2024 21:37
230,Employee 230,employee230@company.com,03/08/2023,Finance,5057,Financial Analyst,Random comment,556-696-8401,25/10/2024 21:37
231,Employee 231,employee231@company.com,25/05/2020,HR,7875,HR Specialist,Random comment,557-666-8745,07/10/2024 21:37
232,Employee 232,employee232@company.com,02/04/2024,Finance,6630,Sales Executive,Random comment,548-678-1627,17/10/2024 21:37
233,Employee 233,employee233@company.com,04/10/2024,HR,7618,Sales Executive,Random comment,914-944-6977,25/10/2024 21:37
234,Employee 234,employee234@company.com,18/09/2021,IT,6529,Software Engineer,Random comment,389-842-2364,04/10/2024 21:37
235,Employee 235,employee235@company.com,17/01/2024,Finance,5456,Financial Analyst,Random comment,575-561-8188,19/10/2024 21:37
236,Employee 236,employee236@company.com,02/06/2021,Sales,5841,Sales Executive,Random comment,200-733-9652,12/10/2024 21:37
237,Employee 237,employee237@company.com,22/08/2021,Finance,7225,Financial Analyst,Random comment,136-807-2979,13/10/2024 21:37
238,Employee 238,employee238@company.com,31/03/2022,HR,5682,HR Specialist,Random comment,432-498-6730,12/10/2024 21:37
239,Employee 239,employee239@company.com,18/08/2024,HR,7677,Marketing Manager,Random comment,944-144-3872,19/10/2024 21:37
240,Employee 240,employee240@company.com,12/10/2023,Sales,4439,Sales Executive,Random comment,802-983-6462,14/10/2024 21:37
241,Employee 241,employee241@company.com,04/12/2020,Marketing,5576,Sales Executive,Random comment,241-529-1881,25/10/2024 21:37
242,Employee 242,employee242@company.com,07/10/2024,Finance,6972,Sales Executive,Random comment,151-645-7430,09/10/2024 21:37
243,Employee 243,employee243@company.com,08/09/2021,Finance,6964,Software Engineer,Random comment,417-805-3226,02/10/2024 21:37
244,Employee 244,employee244@company.com,21/09/2024,Finance,4967,Sales Executive,Random comment,207-322-5159,03/10/2024 21:37
245,Employee 245,employee245@company.com,11/07/2022,IT,7472,Sales Executive,Random comment,247-735-6198,10/10/2024 21:37
246,Employee 246,employee246@company.com,06/05/2024,Finance,6171,Software Engineer,Random comment,679-203-2070,03/10/2024 21:37
247,Employee 247,employee247@company.com,04/07/2021,Finance,4775,HR Specialist,Random comment,168-360-3199,29/09/2024 21:37
248,Employee 248,employee248@company.com,12/05/2023,Sales,5827,HR Specialist,Random comment,188-746-9928,17/10/2024 21:37
249,Employee 249,employee249@company.com,18/09/2024,Finance,5898,Sales Executive,Random comment,944-296-4128,19/10/2024 21:37
250,Employee 250,employee250@company.com,04/09/2021,Marketing,6916,Marketing Manager,Random comment,529-323-5792,10/10/2024 21:37
251,Employee 251,employee251@company.com,06/10/2024,IT,6250,Marketing Manager,Random comment,405-720-7066,09/10/2024 21:37
252,Employee 252,employee252@company.com,02/12/2020,Marketing,6585,HR Specialist,Random comment,496-342-7678,22/10/2024 21:37
253,Employee 253,employee253@company.com,31/08/2022,Finance,5845,Financial Analyst,Random comment,528-137-2750,02/10/2024 21:37
254,Employee 254,employee254@company.com,22/12/2023,HR,5464,Marketing Manager,Random comment,282-655-4968,05/10/2024 21:37
255,Employee 255,employee255@company.com,27/05/2024,Marketing,4980,Software Engineer,Random comment,645-688-5520,13/10/2024 21:37
256,Employee 256,employee256@company.com,16/11/2023,IT,7800,Software Engineer,Random comment,120-975-4550,19/10/2024 21:37
257,Employee 257,employee257@company.com,06/04/2023,Marketing,5264,Marketing Manager,Random comment,604-699-8529,13/10/2024 21:37
258,Employee 258,employee258@company.com,05/12/2023,Sales,6848,HR Specialist,Random comment,659-479-3760,07/10/2024 21:37
259,Employee 259,employee259@company.com,10/09/2021,HR,6640,Sales Executive,Random comment,411-413-3376,30/09/2024 21:37
260,Employee 260,employee260@company.com,23/08/2023,Sales,7204,Marketing Manager,Random comment,507-892-5794,16/10/2024 21:37
261,Employee 261,employee261@company.com,31/12/2019,Finance,7818,Sales Executive,Random comment,573-554-7937,22/10/2024 21:37
262,Employee 262,employee262@company.com,17/06/2022,HR,5736,Sales Executive,Random comment,623-348-1030,10/10/2024 21:37
263,Employee 263,employee263@company.com,09/02/2022,Finance,4970,Financial Analyst,Random comment,323-489-2933,01/10/2024 21:37
264,Employee 264,employee264@company.com,06/12/2020,Sales,4675,Financial Analyst,Random comment,748-430-6564,23/10/2024 21:37
265,Employee 265,employee265@company.com,10/09/2022,HR,6034,HR Specialist,Random comment,860-835-6603,15/10/2024 21:37
266,Employee 266,employee266@company.com,14/02/2020,Finance,7007,Financial Analyst,Random comment,465-439-4042,06/10/2024 21:37
267,Employee 267,employee267@company.com,09/01/2021,Finance,6886,Software Engineer,Random comment,785-185-1341,05/10/2024 21:37
268,Employee 268,employee268@company.com,22/10/2022,HR,4902,Financial Analyst,Random comment,350-963-6174,13/10/2024 21:37
269,Employee 269,employee269@company.com,07/03/2021,IT,4760,Marketing Manager,Random comment,512-577-3404,28/09/2024 21:37
270,Employee 270,employee270@company.com,19/12/2021,IT,6382,Marketing Manager,Random comment,906-259-3343,01/10/2024 21:37
271,Employee 271,employee271@company.com,31/07/2023,Finance,5224,Sales Executive,Random comment,269-338-8816,23/10/2024 21:37
272,Employee 272,employee272@company.com,27/01/2021,Finance,6574,Financial Analyst,Random comment,664-170-1423,08/10/2024 21:37
273,Employee 273,employee273@company.com,07/10/2022,HR,5284,Sales Executive,Random comment,702-965-8800,09/10/2024 21:37
274,Employee 274,employee274@company.com,13/08/2022,Marketing,5073,Financial Analyst,Random comment,826-854-5187,10/10/2024 21:37
275,Employee 275,employee275@company.com,17/03/2024,Sales,7843,Software Engineer,Random comment,721-792-9285,08/10/2024 21:37
276,Employee 276,employee276@company.com,24/07/2021,IT,5965,Financial Analyst,Random comment,656-157-1545,23/10/2024 21:37
277,Employee 277,employee277@company.com,22/07/2024,Sales,4969,HR Specialist,Random comment,628-102-3934,25/10/2024 21:37
278,Employee 278,employee278@company.com,07/06/2021,Sales,6610,Marketing Manager,Random comment,236-288-1585,11/10/2024 21:37
279,Employee 279,employee279@company.com,25/09/2021,IT,5992,Financial Analyst,Random comment,138-519-8478,03/10/2024 21:37
280,Employee 280,employee280@company.com,12/05/2020,IT,5787,Software Engineer,Random comment,453-741-7257,07/10/2024 21:37
281,Employee 281,employee281@company.com,10/01/2024,Finance,4680,Sales Executive,Random comment,369-290-5547,07/10/2024 21:37
282,Employee 282,employee282@company.com,19/02/2024,Sales,5307,Marketing Manager,Random comment,892-852-4997,05/10/2024 21:37
283,Employee 283,employee283@company.com,31/08/2023,IT,7900,Software Engineer,Random comment,522-892-4474,06/10/2024 21:37
284,Employee 284,employee284@company.com,27/05/2024,Marketing,7837,Software Engineer,Random comment,768-643-6681,23/10/2024 21:37
285,Employee 285,employee285@company.com,18/01/2021,Sales,5037,Financial Analyst,Random comment,248-923-5954,03/10/2024 21:37
286,Employee 286,employee286@company.com,25/08/2024,IT,4353,Marketing Manager,Random comment,364-971-7577,06/10/2024 21:37
287,Employee 287,employee287@company.com,21/09/2022,Sales,6231,Sales Executive,Random comment,270-653-5716,04/10/2024 21:37
288,Employee 288,employee288@company.com,27/06/2020,Marketing,5232,Software Engineer,Random comment,847-725-7008,16/10/2024 21:37
289,Employee 289,employee289@company.com,30/05/2021,Sales,7177,Sales Executive,Random comment,837-425-6341,02/10/2024 21:37
290,Employee 290,employee290@company.com,08/03/2021,IT,7561,Software Engineer,Random comment,493-326-3378,16/10/2024 21:37
291,Employee 291,employee291@company.com,10/10/2022,IT,6383,Sales Executive,Random comment,959-370-1486,23/10/2024 21:37
292,Employee 292,employee292@company.com,09/01/2020,HR,7833,Marketing Manager,Random comment,609-730-9372,12/10/2024 21:37
293,Employee 293,employee293@company.com,18/04/2024,Sales,4485,Software Engineer,Random comment,407-817-5089,07/10/2024 21:37
294,Employee 294,employee294@company.com,29/06/2022,HR,4308,Sales Executive,Random comment,770-592-9828,08/10/2024 21:37
295,Employee 295,employee295@company.com,18/01/2021,Sales,5777,Software Engineer,Random comment,293-964-5516,06/10/2024 21:37
296,Employee 296,employee296@company.com,28/07/2023,HR,4001,Marketing Manager,Random comment,168-160-3142,14/10/2024 21:37
297,Employee 297,employee297@company.com,01/04/2022,HR,5925,Financial Analyst,Random comment,754-830-5577,25/10/2024 21:37
298,Employee 298,employee298@company.com,14/12/2020,Marketing,5374,HR Specialist,Random comment,929-674-5673,16/10/2024 21:37
299,Employee 299,employee299@company.com,02/06/2022,Finance,5558,Marketing Manager,Random comment,974-375-7441,01/10/2024 21:37
300,Employee 300,employee300@company.com,17/08/2023,Sales,6292,Software Engineer,Random comment,648-726-6254,20/10/2024 21:37
